true_celebrity,correct_count,total_count,avg_confidence,accuracy
aaronaziz,10,21,0.7658259,47.62
gongli,9,16,0.81172603,56.25
henrygolding,12,23,0.83820516,52.17
irrfankhan,11,21,0.81932503,52.38
priyankachopra,16,22,0.8791998,72.73
ronnychieng,10,18,0.81117165,55.56
sitinurhaliza,14,22,0.6835481,63.64
urassayasperbund,7,19,0.7768776,36.84
yangmi,11,26,0.7994837,42.31
