true_celebrity,correct_count,total_count,avg_confidence,accuracy
aaronaziz,9,21,0.63707423,42.86
gongli,8,16,0.73771435,50.0
henrygolding,14,23,0.7543638,60.87
irrfankhan,12,21,0.74711794,57.14
priyankachopra,17,22,0.8227691,77.27
ronnychieng,11,18,0.65667075,61.11
sitinurhaliza,17,22,0.76433635,77.27
urassayasperbund,6,19,0.7564791,31.58
yangmi,13,26,0.74892294,50.0
