true_celebrity,correct_count,total_count,avg_confidence,accuracy
aaronaziz,9,21,0.74488395,42.86
gongli,8,16,0.78979725,50.0
henrygolding,12,23,0.8186397,52.17
irrfankhan,11,21,0.81897193,52.38
priyankachopra,17,22,0.8704696,77.27
ronnychieng,10,18,0.7702091,55.56
sitinurhaliza,14,22,0.7409966,63.64
urassayasperbund,6,19,0.8104291,31.58
yangmi,11,26,0.79457855,42.31
